Filename,Labels,Objects,Websearch,Logos,Violence,Faces,Landmarks,Texts
airport_2.jpg,"['Architecture', 'Building', 'Fixture', 'Metropolitan area', 'City', 'Event', 'Check-in', 'Passenger', 'Cleanliness', 'Flooring']","['Person', 'Person', 'Person', 'Luggage & bags']",['incheon international airport'],[],VERY_UNLIKELY,1,[],"['Open to All Travellers...\nSleep\nSnacks\nMassage\n4th Floor\nEntrance\nCuisina\nRest\n? ?\nfer Desk B 444-- 5 A\nUTY FREE\n00\nLiguer/Cigarettes\nt6-50/12-25 DUTY FREE\nfader\n国到我们AK免税店\nHINE\nIT po\nNIKE GOLF\nBRAN\nTeur\n', 'Open', 'to', 'All', 'Travellers...', 'Sleep', 'Snacks', 'Massage', '4th', 'Floor', 'Entrance', 'Cuisina', 'Rest', '?', '?', 'fer', 'Desk', 'B', '444--', '5', 'A', 'UTY', 'FREE', '00', 'Liguer/Cigarettes', 't6-50/12-25', 'DUTY', 'FREE', 'fader', '国', '到', '我们', 'AK', '免税店', 'HINE', 'IT', 'po', 'NIKE', 'GOLF', 'BRAN', 'Teur']"
arrest.jpg,"['Trousers', 'Sky', 'High-visibility clothing', 'Workwear', 'Motor vehicle', 'Cloud', 'Security', 'Gesture', 'Tree', 'Personal protective equipment']","['Person', 'Person', 'Person', 'Person', 'Person', 'Person', 'Person', 'Shoe', 'Person', 'Shoe']",['protest'],[],UNLIKELY,8,[],"['TROPOLITAN\nPOLICE\n3503052592\n2648\nPOLCE OFFICER\nPOLICE\nCE\nPo:\nPOLN\nOLITAN\nPOICE\nETROPOLITAN\nCE\nPOUCE OFFICER\nPOLICE\n', 'TROPOLITAN', 'POLICE', '3503052592', '2648', 'POLCE', 'OFFICER', 'POLICE', 'CE', 'Po:', 'POLN', 'OLITAN', 'POICE', 'ETROPOLITAN', 'CE', 'POUCE', 'OFFICER', 'POLICE']"
capitol_1.jpg,"['Daytime', 'Sky', 'White', 'Building', 'Tree', 'Yellow', 'Summer', 'Leisure', 'Recreation', 'Event']","['Person', 'Person', 'Person', 'Person', 'Person', 'Person', 'Person', 'Pants', 'Building', 'Pants']",['california state capitol museum'],[],VERY_UNLIKELY,3,"['California State Capitol Museum', 'State Capitol']","['CANCEL\nANIMAL\n* AG\nSTOP\nFACTORY\nFARMS\nSLAAT\nHOUSES\nEA DAI\nDE\n', 'CANCEL', 'ANIMAL', '*', 'AG', 'STOP', 'FACTORY', 'FARMS', 'SLAAT', 'HOUSES', 'EA', 'DAI', 'DE']"
casino_1.jpg,"['Clothing', 'Table', 'Furniture', 'Poker table', 'Baize', 'Smile', 'Muscle', 'Poker', 'Chair', 'Poker set']","['Person', 'Person', 'Person', 'Person', 'Table top', 'Person', 'Person', 'Jeans', 'Chair', 'Tableware']",['casino'],[],VERY_UNLIKELY,6,[],[]
protest_3.jpg,"['Cloud', 'Shorts', 'Sky', 'Handwriting', 'Human', 'Tree', 'Thigh', 'Luggage and bags', 'Crowd', 'Event']","['Shorts', 'Shorts', 'Person', 'Person', 'Person', 'Person', 'Person', 'Luggage & bags', 'Shorts', 'Shorts']",['crowd'],[],VERY_UNLIKELY,1,[],"['FUCK\nthe\nPOLICE\nDEFUND\nPOLICE\nABOLISH\n井FTP\nBLACK LIVES\nMATTER!\nFUCK 121\nIT ALL!\nPOLICING\nOCEAN""\nIce\nNYPD:\nKeep Your\nMutherfuckin D\n#Black\nLives\nMatte\nGentrification\nIncreases\npolice\nvielence!\nTHE\nONILE\n#Black\nLives\nlatte\nPRO\nEA\nOTHE\nBLACK IVES\nMATTER\nPLATBUSH\nACK\nLIVES\nUSTICE FOR\nTav ACDAD\nin your arear\nTUS POLICE\nWILDCAT\nRTANG\n', 'FUCK', 'the', 'POLICE', 'DEFUND', 'POLICE', 'ABOLISH', '井', 'FTP', 'BLACK', 'LIVES', 'MATTER!', 'FUCK', '121', 'IT', 'ALL!', 'POLICING', 'OCEAN""', 'Ice', 'NYPD:', 'Keep', 'Your', 'Mutherfuckin', 'D', '#Black', 'Lives', 'Matte', 'Gentrification', 'Increases', 'police', 'vielence!', 'THE', 'ONILE', '#Black', 'Lives', 'latte', 'PRO', 'EA', 'OTHE', 'BLACK', 'IVES', 'MATTER', 'PLATBUSH', 'ACK', 'LIVES', 'USTICE', 'FOR', 'Tav', 'ACDAD', 'in', 'your', 'arear', 'TUS', 'POLICE', 'WILDCAT', 'RTANG']"
riot_1.jpg,"['Clothing', 'Crowd', 'Military person', 'Gesture', 'Hat', 'Cap', 'Flag', 'Military uniform', 'Baseball cap', 'Headgear']","['Person', 'Person', 'Person', 'Person', 'Person', 'Person', 'Person', 'Person', 'Hat', 'Person']",['crowd'],['Hammerskins'],VERY_UNLIKELY,4,[],"['PILUS\nPOLICE\nPOLKS\nPOLIE\nPALKE\nPILZE\nPOLICE\nLICE\nPOLKE\nPOLICE\nPOLIC\nPOLIC\nPOUCE\nPOLICE\nPO\nDUCE\nPOLIC\nPOLICE POLICE POLICE POLICE\nPOLICE\nINDY\nTHAILAND\n', 'PILUS', 'POLICE', 'POLKS', 'POLIE', 'PALKE', 'PILZE', 'POLICE', 'LICE', 'POLKE', 'POLICE', 'POLIC', 'POLIC', 'POUCE', 'POLICE', 'PO', 'DUCE', 'POLIC', 'POLICE', 'POLICE', 'POLICE', 'POLICE', 'POLICE', 'INDY', 'THAILAND']"
riot_2.jpg,"['Sky', 'Cloud', 'Headgear', 'Entertainment', 'Performing arts', 'Crowd', 'Event', 'City', 'Team', 'Recreation']","['Person', 'Person', 'Person', 'Person', 'Person', 'Person', 'Person', 'Person', 'Person', 'Person']",['violence hd'],[],UNLIKELY,10,[],"['IVOL IO\n', 'IVOL', 'IO']"
station.jpg,"['Shorts', 'Standing', 'Line', 'City', 'Travel', 'Facade', 'Street fashion', 'Luggage and bags', 'Metropolitan area', 'Landmark']","['Person', 'Person', 'Person', 'Pants', 'Person', 'Luggage & bags', 'Person', 'Luggage & bags']",['grand central terminal'],[],VERY_UNLIKELY,2,['Grand Central Terminal'],"['HARLEM LINE DEPARTURES\nTIME TRK DESTINATION\nREMARKS\n12:11\n27 SOUTHERST\nCONNECTION TO DOVER PLAINS\n12:31 21 N.I HHITE PLAINS IFORDHAM H1ST STOP|\nHHITE PLAINS: 1ST STOP\n20 N. WHITE PLAINS MELROSEH1IST STOP\n1:05 30 SOUTHEAST\n1:21\n1:57\n21 SÖOTHEAST\nFORDHAM - 1ST STOP\nΜΕTRΟ-ΝORTΗ ΤICKTS\nMEA METRONORTHE\nTH KEIS\nMTA METRONORTH\n', 'HARLEM', 'LINE', 'DEPARTURES', 'TIME', 'TRK', 'DESTINATION', 'REMARKS', '12:11', '27', 'SOUTHERST', 'CONNECTION', 'TO', 'DOVER', 'PLAINS', '12:31', '21', 'N.I', 'HHITE', 'PLAINS', 'IFORDHAM', 'H1ST', 'STOP|', 'HHITE', 'PLAINS:', '1ST', 'STOP', '20', 'N.', 'WHITE', 'PLAINS', 'MELROSEH1IST', 'STOP', '1:05', '30', 'SOUTHEAST', '1:21', '1:57', '21', 'SÖOTHEAST', 'FORDHAM', '-', '1ST', 'STOP', 'ΜΕTRΟ-ΝORTΗ', 'ΤICKTS', 'MEA', 'METRONORTHE', 'TH', 'KEIS', 'MTA', 'METRONORTH']"
subway.jpg,"['Footwear', 'Trousers', 'Musician', 'Musical instrument', 'Music', 'Hat', 'Brass instrument', 'Wind instrument', 'Passenger', 'Public transport']","['Person', 'Person', 'Hat', 'Person', 'Person', 'Person', 'Pants', 'Person']",['nyc subway panhandlers'],[],VERY_UNLIKELY,3,[],"['Dondle\nidoor\n', 'Dondle', 'idoor']"
autopalo.jpg,"['Workwear', 'High-visibility clothing', 'Sky', 'Vehicle', 'Helmet', 'Motor vehicle', 'Asphalt', 'Cloud', 'Fire', 'Wheel']","['Person', 'Person', 'Helmet', 'Helmet', 'Luggage & bags', 'Truck', 'Bag']",['Traffic collision'],[],VERY_UNLIKELY,0,[],[]
delivery.jpg,"['Building', 'Plant', 'Window', 'Tire', 'Wood', 'Neighbourhood', 'Wall', 'Sidewalk', 'Urban design', 'Road surface']","['Packaged goods', 'Person', 'Packaged goods', 'Person', 'Packaged goods', 'Pants']",['United Parcel Service'],[],VERY_UNLIKELY,1,[],"['Bowery\natagonia\nSPANK\nTM\nNE ar\nCHPOME\nEasy igh\nULINE\nCHIC\nER\nULINE\n000E\nELING\nULINE\n51729 00\nG\nEasy Weig\nKISS MY ASS\n', 'Bowery', 'atagonia', 'SPANK', 'TM', 'NE', 'ar', 'CHPOME', 'Easy', 'igh', 'ULINE', 'CHIC', 'ER', 'ULINE', '000E', 'ELING', 'ULINE', '51729', '00', 'G', 'Easy', 'Weig', 'KISS', 'MY', 'ASS']"
delivery_2.jpg,"['Jeans', 'Vehicle', 'Car', 'Motor vehicle', 'Human', 'Package delivery', 'Shipping box', 'Building', 'Wood', 'Automotive design']","['Jeans', 'Person', 'Boxed packaged goods', 'Packaged goods', 'Packaged goods', 'Packaged goods', 'Boxed packaged goods', 'Packaged goods', 'Boxed packaged goods', 'Packaged goods']",['car'],[],VERY_UNLIKELY,1,[],"['INTCO\nINTC\n&01\nDisposable Face Mask\nMaterak Nonuoven maletal\nSor 175mmx95 m\nNWT 65KGS\nCase se 52x 38 x30 am\n10855303008601\nINTCO\n英科直才\nV Disposable Face Mask\nINTCO\n英科医疗\nINTCO\n关科医疗\nCOLOR BLUE\nQTY: 2000 PCS (40 bores of 50)\nDisposable Face Mask\nMaterial Nonuoven material\n2-21\nSor 175amx 96 mm\nntdaritldak\nColor Be\nQTY: 2000 PCS\nGWT 75KGS\nCE S0 20AG Disposable Face Mask\nMateriat: Nonwoven material\nWodr dat.on ftitr\n凹20\nSize: 175mm x 95 mm\nLOT\nNT BSKGS\nColor. Blue\nQTY: 2000 PCS\nG.WT:75KGS\nNWT:6.5 KGS\nCase size: 52 x 38x30 cm\n可目\nDisposable Face Mask\nINTCO\n英科医疗\nArst baly t.\nbr\nCOLOR: BLUE\nQTY: 2000 PCS (40 boxes of 50)\nIN\n英利\nSTOCK SeOL 300677\nnly/\nManufacurer hto Medcal\nCina\nWebster www.irtomedical.com Emt infortco.com\nAtoted Represertive\nLotus NBV\nAdds Koringin Janopien 10, te Veed 20SAA, The Hage Nothertands\nLAKEX\nDisposable Face Mask\nMaterial: Nonwoven material\nISO 13405\nSizs: 175mm x95 mm\nColor. Blue\nOTY: 2000 PCS\nGWT:75 KGS\nNWT:6.5 KGS\nCase size: 52 x 38 x 30 cm\nDispo\nysew epe- QIgesodsi\nIzo09-oz\nG.WT:7.5 KGS\nCase size: 52 x 38 x 30 cm\n', 'INTCO', 'INTC', '&01', 'Disposable', 'Face', 'Mask', 'Materak', 'Nonuoven', 'maletal', 'Sor', '175mmx95', 'm', 'NWT', '65KGS', 'Case', 'se', '52x', '38', 'x30', 'am', '10855303008601', 'INTCO', '英', '科', '直', '才', 'V', 'Disposable', 'Face', 'Mask', 'INTCO', '英', '科', '医疗', 'INTCO', '关', '科', '医疗', 'COLOR', 'BLUE', 'QTY:', '2000', 'PCS', '(40', 'bores', 'of', '50)', 'Disposable', 'Face', 'Mask', 'Material', 'Nonuoven', 'material', '2-21', 'Sor', '175amx', '96', 'mm', 'ntdaritldak', 'Color', 'Be', 'QTY:', '2000', 'PCS', 'GWT', '75KGS', 'CE', 'S0', '20AG', 'Disposable', 'Face', 'Mask', 'Materiat:', 'Nonwoven', 'material', 'Wodr', 'dat.on', 'ftitr', '凹', '20', 'Size:', '175mm', 'x', '95', 'mm', 'LOT', 'NT', 'BSKGS', 'Color.', 'Blue', 'QTY:', '2000', 'PCS', 'G.WT:75KGS', 'NWT:6.5', 'KGS', 'Case', 'size:', '52', 'x', '38x30', 'cm', '可', '目', 'Disposable', 'Face', 'Mask', 'INTCO', '英', '科', '医疗', 'Arst', 'baly', 't.', 'br', 'COLOR:', 'BLUE', 'QTY:', '2000', 'PCS', '(40', 'boxes', 'of', '50)', 'IN', '英', '利', 'STOCK', 'SeOL', '300677', 'nly/', 'Manufacurer', 'hto', 'Medcal', 'Cina', 'Webster', 'www.irtomedical.com', 'Emt', 'infortco.com', 'Atoted', 'Represertive', 'Lotus', 'NBV', 'Adds', 'Koringin', 'Janopien', '10,', 'te', 'Veed', '20SAA,', 'The', 'Hage', 'Nothertands', 'LAKEX', 'Disposable', 'Face', 'Mask', 'Material:', 'Nonwoven', 'material', 'ISO', '13405', 'Sizs:', '175mm', 'x95', 'mm', 'Color.', 'Blue', 'OTY:', '2000', 'PCS', 'GWT:75', 'KGS', 'NWT:6.5', 'KGS', 'Case', 'size:', '52', 'x', '38', 'x', '30', 'cm', 'Dispo', 'ysew', 'epe-', 'QIgesodsi', 'Izo09-oz', 'G.WT:7.5', 'KGS', 'Case', 'size:', '52', 'x', '38', 'x', '30', 'cm']"
fire.jpg,"['Muscle', 'Motor vehicle', 'High-visibility clothing', 'Workwear', 'Fire', 'Flame', 'Heat', 'Pollution', 'Smoke', 'Firefighter']","['Person', 'Helmet', 'Jacket']",['home fire safety'],[],VERY_UNLIKELY,0,[],"['601\nPACLIC\nKEVLA\nME\n', '601', 'PACLIC', 'KEVLA', 'ME']"
suojatie.jpg,"['Urban design', 'City', 'Event', 'Crowd', 'Landscape', 'Pole', 'Mixed-use', 'Facade', 'Pedestrian', 'Leisure']",[],['urban area'],[],VERY_UNLIKELY,0,[],"['---\n', '---']"
keikka_yo.jpg,"['Blue', 'Concert', 'Entertainment', 'Music', 'Performing arts', 'Music artist', 'Visual effect lighting', 'Electric blue', 'Event', 'Pop music']",['Person'],['aesthetic wallpaper stage'],[],VERY_UNLIKELY,0,[],[]
konsertti.jpg,"['Furniture', 'Chair', 'Musical instrument accessory', 'Lighting', 'Entertainment', 'Concert', 'Suit', 'Music', 'Musician', 'Performing arts']","['Person', 'Person', 'Person', 'Person', 'Chair', 'Chair', 'Person', 'Person', 'Person', 'Person']",['frederick p rose hall'],[],VERY_UNLIKELY,2,[],[]
museo_1.jpg,"['Dog', 'Picture frame', 'Window', 'Dog breed', 'Carnivore', 'Gesture', 'Companion dog', 'Fawn', 'Working animal', 'Snout']","['Person', 'Person', 'Clothing', 'Person', 'Picture frame', 'Animal', 'Pants']",['droste effect'],[],VERY_UNLIKELY,1,[],"['Delia\nDama Azul\n', 'Delia', 'Dama', 'Azul']"
museo_2.jpg,"['Musical instrument', 'Guitar', 'Interior design', 'String instrument', 'Art', 'Building', 'Chair', 'Plucked string instruments', 'Music', 'Musician']","['Person', 'Person', 'Person', 'Person', 'Guitar', 'Light fixture']",['art exhibition'],[],VERY_UNLIKELY,2,[],"['© Berlin-Motive.de\n', '©', 'Berlin-Motive.de']"
office_1.jpg,"['Computer', 'Table', 'Personal computer', 'Laptop', 'Computer keyboard', 'Desk', 'Output device', 'Computer network', 'Chair', 'Picture frame']","['Laptop', 'Laptop', 'Laptop', 'Person', 'Person', 'Person', 'Person', 'Laptop', 'Person', 'Person']",['management office'],[],VERY_UNLIKELY,4,[],"['mont\nMade B\nDesign\nTools\nPORTE\n', 'mont', 'Made', 'B', 'Design', 'Tools', 'PORTE']"
beach.jpg,"['Water', 'Cloud', 'Sky', 'Blue', 'People on beach', 'Fluid', 'Beach', 'Travel', 'Coastal and oceanic landforms', 'Leisure']","['Person', 'Person', 'Person']",['sea'],[],VERY_UNLIKELY,0,[],[]
boxing.jpg,"['Headgear', 'Sports uniform', 'Sports equipment', 'Glove', 'Sports gear', 'Shorts', 'Helmet', 'Boxing glove', 'Boxing', 'Boxing equipment']","['Shorts', 'Shorts', 'Person', 'Person', 'Person', 'Person', 'Person', 'Person', 'Hat', 'Helmet']",['Boxing'],[],UNLIKELY,6,[],"['TA\n', 'TA']"
F1.jpg,"['Tire', 'World', 'Vehicle', 'Automotive tire', 'Red', 'Racing', 'Fan', 'Wheel', 'Grass', 'Sports']","['Person', 'Person', 'Toy vehicle', 'Person', 'Person']",['Formula 1'],[],VERY_UNLIKELY,0,[],"['TARAPITEAT HEure\nMa\n125) Ye\nVEARS\n', 'TARAPITEAT', 'HEure', 'Ma', '125)', 'Ye', 'VEARS']"
futis.jpg,"['Fan', 'Player', 'Red', 'Grass', 'Crowd', 'Sports', 'Stadium', 'Event', 'Sport venue', 'Sky']","['Person', 'Person']",['wsw flares'],"['NRMA', 'Le Bon Marché']",UNLIKELY,4,[],"['ng your\nall back\nNRMA\nINSURANCE\n', 'ng', 'your', 'all', 'back', 'NRMA', 'INSURANCE']"
gym_1.jpg,"['Joint', 'Barbell', 'Shorts', 'Shoe', 'Arm', 'Exercise machine', 'Strength athletics', 'Muscle', 'Leg', 'Strength training']","['Person', 'Shoe', 'Person', 'Person', 'Shoe', 'Person', 'Shorts']",['gym'],[],UNLIKELY,2,[],"['口\n', '口']"
sulkkis1.jpg,"['Sports equipment', 'Photograph', 'Field house', 'Tennis player', 'Green', 'Racquet sport', 'Net sports', 'Tennis court', 'Tennis Equipment', 'Player']","['Person', 'Person', 'Person', 'Person', 'Person', 'Person', 'Person', 'Person', 'Person', 'Person']",['team sport'],[],VERY_UNLIKELY,1,[],"['LANDERSPIEL U17\nFraport. Die Airport Manager.\nDEUTSCHLAND SCHWEIZ\nJ YONEX\nONEX\nYONEX\nW YONEX\nYONEX\nYONL\nW YONEX\na YONEX\nVONEX\n', 'LANDERSPIEL', 'U17', 'Fraport.', 'Die', 'Airport', 'Manager.', 'DEUTSCHLAND', 'SCHWEIZ', 'J', 'YONEX', 'ONEX', 'YONEX', 'W', 'YONEX', 'YONEX', 'YONL', 'W', 'YONEX', 'a', 'YONEX', 'VONEX']"
cry.jpg,"['Forehead', 'Nose', 'Glasses', 'Vision care', 'Shoulder', 'Mouth', 'Comfort', 'Jaw', 'Textile', 'Flash photography']","['Glasses', 'Person']",['cocaine addiction'],[],POSSIBLE,1,[],[]
joy.jpg,"['Water', 'Smile', 'Plant', 'People on beach', 'Sky', 'Body of water', 'Swimwear', 'Brassiere', 'Leisure', 'Fun']","['Swimwear', 'Swimwear', 'Person', 'Person', 'Person', 'Swimwear', 'Person']",['spike ball water'],[],VERY_UNLIKELY,3,[],"['SPIKE\nTIVE\nSPIKE\nBALL\n', 'SPIKE', 'TIVE', 'SPIKE', 'BALL']"
etiketti.png,"['Font', 'Material property', 'Close-up', 'Circle', 'Label', 'Brand', 'Event', 'Document', 'Publication']",[],['food labels'],[],VERY_UNLIKELY,0,[],"['Nutrition Facts Amount Per Serving\nServing size: 1 bar (40g)\nServing Per Package: 4\nTotal Fat 13g\nSaturated Fat 1.5g\nAmount Per Serving\nTrans Fat 0g\nCholesterol Omg\nCalories 190\nories from Fat 110\nSodium 20mg\nent Daily Values are based on\nVitamin A 50%\nVita\ncalorie diet.\n', 'Nutrition', 'Facts', 'Amount', 'Per', 'Serving', 'Serving', 'size:', '1', 'bar', '(40g)', 'Serving', 'Per', 'Package:', '4', 'Total', 'Fat', '13g', 'Saturated', 'Fat', '1.5g', 'Amount', 'Per', 'Serving', 'Trans', 'Fat', '0g', 'Cholesterol', 'Omg', 'Calories', '190', 'ories', 'from', 'Fat', '110', 'Sodium', '20mg', 'ent', 'Daily', 'Values', 'are', 'based', 'on', 'Vitamin', 'A', '50%', 'Vita', 'calorie', 'diet.']"
liberty.jpg,"['Sky', 'Cloud', 'Daytime', 'Statue', 'Blue', 'Sculpture', 'Pedestal', 'Building', 'Monument', 'Art']",['Sculpture'],['statue of liberty national monument'],[],UNLIKELY,0,"['Statue of Liberty National Monument', 'Statue of Liberty']",[]
logos.jpg,"['Font', 'Rectangle', 'Circle', 'Electric blue', 'Logo', 'Brand', 'Graphics', 'Number', 'Symbol', 'Screenshot']",[],['multiple logos'],"['YouTube', 'Google', 'eBay', 'Digg', 'Automattic', 'Yahoo!']",VERY_UNLIKELY,0,[],"['You Tube\nSU\nskype\nGoogle\nWIKIPEDIA\nThe Free Encyclopedis\nYAHOO!\nflickr\nebY\ndigg\nTM\n', 'You', 'Tube', 'SU', 'skype', 'Google', 'WIKIPEDIA', 'The', 'Free', 'Encyclopedis', 'YAHOO!', 'flickr', 'ebY', 'digg', 'TM']"
asema.jpg,"['House', 'Plant', 'Building', 'Floor', 'Flooring', 'Door', 'Houseplant', 'Wood', 'Shade', 'Picture frame']","['Chair', 'Chair', 'Chair', 'Lighting']",['real estate'],[],VERY_UNLIKELY,0,[],"['Amtrak\nSanford\nTICKET\nOFFICE\nRustpoms\nVehdo Pek-Un\nAFT SHOP\n', 'Amtrak', 'Sanford', 'TICKET', 'OFFICE', 'Rustpoms', 'Vehdo', 'Pek-Un', 'AFT', 'SHOP']"
asema2.jpg,"['Building', 'Luggage and bags', 'Floor', 'Flooring', 'Bag', 'Stairs', 'Travel', 'Backpack', 'Leisure', 'City']","['Person', 'Person', 'Person', 'Person', 'Person', 'Person', 'Jeans', 'Person', 'Person', 'Person']",['snapshot'],[],VERY_UNLIKELY,2,[],"['電プラザ\nstion Plaza\n个巴9\nKiosk\n', '電', 'プラザ', 'stion', 'Plaza', '个', '巴', '9', 'Kiosk']"
axe.jpg,"['Sky', 'Shirt', 'Cap', 'Tree', 'Plant', 'Sleeve', 'Baseball cap', 'Wood', 'Hat', 'Flash photography']","['Person', 'Person', 'Clothing', 'Top']",['tree'],['Libertyville High School'],UNLIKELY,1,[],[]
knife.jpg,"['Food', 'Tableware', 'Table', 'Dishware', 'Ingredient', 'Wood', 'Plant', 'Cutting board', 'Recipe', 'Natural foods']","['Kitchen knife', 'Packaged goods', 'Tableware', 'Vegetable', 'Houseplant', 'Egg', 'Flowerpot']",['Food'],[],VERY_UNLIKELY,0,[],[]
colosseum.jpg,"['Sky', 'Cloud', 'Landscape', 'City', 'Facade', 'Ancient roman architecture', 'Ancient history', 'Wonders of the world', 'Archaeological site', 'History']","['Building', 'Building']",['colosseum'],[],VERY_UNLIKELY,0,['Colosseum'],[]
mcdonalds.jpg,"['Wheel', 'Automotive parking light', 'Car', 'Tire', 'Sky', 'Land vehicle', 'Vehicle', 'Motor vehicle', 'Automotive tire', 'Plant']","['Car', 'Car', 'Building']","[""McDonald's""]","[""McDonald's"", ""McDonald's""]",VERY_UNLIKELY,0,[],"[""Av. Macheros\nMcDanald's\nsalte\nTUYA\n000\nICDona d's\nMcDonald's\nMACHEROS\nATEAMAS\n15VO\nPOSTR ES\n"", 'Av.', 'Macheros', ""McDanald's"", 'salte', 'TUYA', '000', 'ICDona', ""d's"", ""McDonald's"", 'MACHEROS', 'ATEAMAS', '15VO', 'POSTR', 'ES']"
mall.jpg,"['Motor vehicle', 'Customer', 'Retail', 'Building', 'Shopping', 'Automotive design', 'Service', 'Trade', 'Machine', 'Engineering']",[],['car'],[],VERY_UNLIKELY,0,[],"['GLG\nAMSUNG\nDIGITAL\nJVC\nndou\nSAM SOFTIEON\nATASHI\nThe\nrurd\nDATAT\nur digitalle\nSYNNE\nXFa Xerox Printers Xpect moreO X\nLEAMARK\nKYOCERA\nAPC\nbrothe\nMicrosoft\nMicrosof\nlOKI\nOKI\nHardware\nHard\nOware,\nSAMSUNG\n', 'GLG', 'AMSUNG', 'DIGITAL', 'JVC', 'ndou', 'SAM', 'SOFTIEON', 'ATASHI', 'The', 'rurd', 'DATAT', 'ur', 'digitalle', 'SYNNE', 'XFa', 'Xerox', 'Printers', 'Xpect', 'moreO', 'X', 'LEAMARK', 'KYOCERA', 'APC', 'brothe', 'Microsoft', 'Microsof', 'lOKI', 'OKI', 'Hardware', 'Hard', 'Oware,', 'SAMSUNG']"
stadium.jpg,"['Cloud', 'Sky', 'Building', 'Daytime', 'Baseball park', 'Baseball', 'Bat-and-ball games', 'Baseball field', 'Baseball player', 'World']",[],['yankee stadium'],"['Ford Motor Company of Canada', 'Hess Corporation', 'Bank of America', 'Delta Air Lines', 'A. Lange & Söhne']",VERY_UNLIKELY,0,['Yankee Stadium'],"['日\nBankof America\nPITCH SPEED\nBALLS 16 STRIKES 35 TOTAL PITCHES 51\nEXIT VELO\nARMITRON\nYANKEEISTADIUM\nNEW YORK YANKEES\nGARDNER\nJUDGE\nHICKS\nSTANTON\nDELTA\nLF\nDH\nCF\n.195\n14\n300\n217\n231 L\nNEIL\nWALKER\nARMITRON\nWATCHES\n18\n38\nWALKER\nANDÚJAR\nTORRES\nSEPTEMBER 10, 1985\n.186\n287 E D\n326\n.265\n378\nSS FRANCISCO LINDOR\n2B\nSF\nATL\n21 CHC 0\nCLEVELAND INDIANS\n28 PHI\n27 DET\nSTARR COMPANIES\nPITTSBURGH, PA\nROMINE\n4:05\n4:15\n189\n288\n57 WSH\n28 JASON KIPNIS\nGATORADE\n38 JOSÉ RAMÍREZ\nLF MICHAEL BRANTLEY\nDH EDWIN ENCARNACION\n18 YONDER ALONSO\nRF TYLER NAGUIN\nC ROBERTO PÉREZ\n47\nTREVOR BAUER\nSS\nTORREYES\nT. BLACH\n2-3\npepsi\n41 TOR\n6:10 32 NYM\n7:10 18 LAD\n7:10\n5.91\n2018 SEASON STATS\nNEIL WALKER\n2018 SEASON STATS\nGRAY\nB. MCCARTHY\n4-0\nGLOBAL INSURANCE\nIS 3-FOR-6 WITH\n3 WALKS AND 1 HIT BY\nPITCH OVER HIS LAST 3\nGAMES\nERA\n31 MIA\n30 CIN\n50 PIT\nIP\n7:10 53 CWS\n7:10\n7:10\n7 2-2 44.2\n2.22\n328\n.119\n50 SF\n50 HOU\n21 ARI\nWHIP\nTHE BRAVES\nLEAD THE NL\nIN RUNS, HITS.\nloBP AND SLG\nK\nK/9\n10.28 0.99\nBB\nAVG\nRBI\n7:10\n8:05\n8:10\n237\n32 ATL\n16\n51\nCF BRADLEY ZIMMER\nARMIYRON\n.186\n34 BAL\nIP\nHI\nER\n2:23\nBIGELOW.\n9:05\nPITCHING LINE A\n9:10\nLAST AB\n2ND-LINE OUT TO 1ST\nFord\nHESS\n3 2 1 CASIO\n1 2\nRHE MVR BALLS STRIKES OUTS\nBudweisarBudwein\nARMITRON\nADELTA\nG INDIANS\nA YANKEES\n0 0 0 0\n0 0 0 0\n1 30 6\n0 0 0 5\nAT&T\nBuyFordNow.com\nMTL ELECTRIC\nBank of America\nGEORGE M. STEINBRENNER II\n0 0000 0 0 €\nThe ork Yanken\nO 0 0 0 00 0 000\nO GOOD HUMOR O\nO GOOD HUMOR O\nO GOOD HUMOR O\nO GOOD HUMOR O\nTOYOTA\nO TOYOTA\nCOACH\nSAP\nMODELL\'S E\nALEVE\nNEW YORK\nNITTOTIRE.COM Hotel Tonight\nFedEx\nRedHot\nALuVi\nPanasonic\n00000 000G\nHLYNX\nA SUB ABOVE\nStateFarm\nStateFarm\nSTANLEY\nNewYork-Presbyterian\n385.\nState Farm\nStubHub StubHub\nG GATORADE G\nPEPSI\nDUNKIN\' DONUTS\nO pe\n399\nINDIANS\nYANKEES ..\nStubHub StubHub StubHub\nT IBALL\nTHIS BUD\'S State Farm State Farm\nOANS\nYANKEES I\nSudweisen\nFOR YOU.\n""\n', '日', 'Bankof', 'America', 'PITCH', 'SPEED', 'BALLS', '16', 'STRIKES', '35', 'TOTAL', 'PITCHES', '51', 'EXIT', 'VELO', 'ARMITRON', 'YANKEEISTADIUM', 'NEW', 'YORK', 'YANKEES', 'GARDNER', 'JUDGE', 'HICKS', 'STANTON', 'DELTA', 'LF', 'DH', 'CF', '.195', '14', '300', '217', '231', 'L', 'NEIL', 'WALKER', 'ARMITRON', 'WATCHES', '18', '38', 'WALKER', 'ANDÚJAR', 'TORRES', 'SEPTEMBER', '10,', '1985', '.186', '287', 'E', 'D', '326', '.265', '378', 'SS', 'FRANCISCO', 'LINDOR', '2B', 'SF', 'ATL', '21', 'CHC', '0', 'CLEVELAND', 'INDIANS', '28', 'PHI', '27', 'DET', 'STARR', 'COMPANIES', 'PITTSBURGH,', 'PA', 'ROMINE', '4:05', '4:15', '189', '288', '57', 'WSH', '28', 'JASON', 'KIPNIS', 'GATORADE', '38', 'JOSÉ', 'RAMÍREZ', 'LF', 'MICHAEL', 'BRANTLEY', 'DH', 'EDWIN', 'ENCARNACION', '18', 'YONDER', 'ALONSO', 'RF', 'TYLER', 'NAGUIN', 'C', 'ROBERTO', 'PÉREZ', '47', 'TREVOR', 'BAUER', 'SS', 'TORREYES', 'T.', 'BLACH', '2-3', 'pepsi', '41', 'TOR', '6:10', '32', 'NYM', '7:10', '18', 'LAD', '7:10', '5.91', '2018', 'SEASON', 'STATS', 'NEIL', 'WALKER', '2018', 'SEASON', 'STATS', 'GRAY', 'B.', 'MCCARTHY', '4-0', 'GLOBAL', 'INSURANCE', 'IS', '3-FOR-6', 'WITH', '3', 'WALKS', 'AND', '1', 'HIT', 'BY', 'PITCH', 'OVER', 'HIS', 'LAST', '3', 'GAMES', 'ERA', '31', 'MIA', '30', 'CIN', '50', 'PIT', 'IP', '7:10', '53', 'CWS', '7:10', '7:10', '7', '2-2', '44.2', '2.22', '328', '.119', '50', 'SF', '50', 'HOU', '21', 'ARI', 'WHIP', 'THE', 'BRAVES', 'LEAD', 'THE', 'NL', 'IN', 'RUNS,', 'HITS.', 'loBP', 'AND', 'SLG', 'K', 'K/9', '10.28', '0.99', 'BB', 'AVG', 'RBI', '7:10', '8:05', '8:10', '237', '32', 'ATL', '16', '51', 'CF', 'BRADLEY', 'ZIMMER', 'ARMIYRON', '.186', '34', 'BAL', 'IP', 'HI', 'ER', '2:23', 'BIGELOW.', '9:05', 'PITCHING', 'LINE', 'A', '9:10', 'LAST', 'AB', '2ND-LINE', 'OUT', 'TO', '1ST', 'Ford', 'HESS', '3', '2', '1', 'CASIO', '1', '2', 'RHE', 'MVR', 'BALLS', 'STRIKES', 'OUTS', 'BudweisarBudwein', 'ARMITRON', 'ADELTA', 'G', 'INDIANS', 'A', 'YANKEES', '0', '0', '0', '0', '0', '0', '0', '0', '1', '30', '6', '0', '0', '0', '5', 'AT&T', 'BuyFordNow.com', 'MTL', 'ELECTRIC', 'Bank', 'of', 'America', 'GEORGE', 'M.', 'STEINBRENNER', 'II', '0', '0000', '0', '0', '€', 'The', 'ork', 'Yanken', 'O', '0', '0', '0', '00', '0', '000', 'O', 'GOOD', 'HUMOR', 'O', 'O', 'GOOD', 'HUMOR', 'O', 'O', 'GOOD', 'HUMOR', 'O', 'O', 'GOOD', 'HUMOR', 'O', 'TOYOTA', 'O', 'TOYOTA', 'COACH', 'SAP', ""MODELL'S"", 'E', 'ALEVE', 'NEW', 'YORK', 'NITTOTIRE.COM', 'Hotel', 'Tonight', 'FedEx', 'RedHot', 'ALuVi', 'Panasonic', '00000', '000G', 'HLYNX', 'A', 'SUB', 'ABOVE', 'StateFarm', 'StateFarm', 'STANLEY', 'NewYork-Presbyterian', '385.', 'State', 'Farm', 'StubHub', 'StubHub', 'G', 'GATORADE', 'G', 'PEPSI', ""DUNKIN'"", 'DONUTS', 'O', 'pe', '399', 'INDIANS', 'YANKEES', '..', 'StubHub', 'StubHub', 'StubHub', 'T', 'IBALL', 'THIS', ""BUD'S"", 'State', 'Farm', 'State', 'Farm', 'OANS', 'YANKEES', 'I', 'Sudweisen', 'FOR', 'YOU.', '""']"
airport_1.jpg,"['Trousers', 'Customer', 'Building', 'Luggage and bags', 'Bag', 'Retail', 'Trade', 'Event', 'Cleanliness', 'Passenger']","['Person', 'Person', 'Person', 'Person', 'Person', 'Person', 'Person', 'Person', 'Person', 'Luggage & bags']",['arrival in the airport'],['Tequila Herradura'],VERY_UNLIKELY,6,[],"[""International arrivals\nkernational Arrivais\nlatersalional knlv\nWA\npotential\ner's can't.\nFREE/GRATIS/GRATUIT/FREE\n1 TVFREE/GRATIS/GRATUIT\nUY ME\nRE ME\nORE ME\nLATOMY\nACTS\nER ME\nEAR ME\nIME\nTENT\nJ613\nom\nTatfoninltel\nLELTI\nilsih AIRPORT INFORMATION\n"", 'International', 'arrivals', 'kernational', 'Arrivais', 'latersalional', 'knlv', 'WA', 'potential', ""er's"", ""can't."", 'FREE/GRATIS/GRATUIT/FREE', '1', 'TVFREE/GRATIS/GRATUIT', 'UY', 'ME', 'RE', 'ME', 'ORE', 'ME', 'LATOMY', 'ACTS', 'ER', 'ME', 'EAR', 'ME', 'IME', 'TENT', 'J613', 'om', 'Tatfoninltel', 'LELTI', 'ilsih', 'AIRPORT', 'INFORMATION']"
protest_4.jpg,"['Chair', 'Building', 'Security', 'Community', 'Public space', 'Drum', 'Tree', 'Crowd', 'Jacket', 'Musician']","['Person', 'Person', 'Person', 'Person', 'Person', 'Person', 'Person', 'Person', 'Person', 'Person']",['city'],[],VERY_UNLIKELY,3,[],"['EOLICE\n', 'EOLICE']"
workers.jpg,"['Sky', 'Cloud', 'Mast', 'Scaffolding', 'Tall ship', 'Flag', 'Composite material', 'Pole', 'Construction', 'Facade']","['Person', 'Person', 'Person', 'Person', 'Person', 'Person', 'Person']","['hsinchu city, rainbow bridge']",[],VERY_UNLIKELY,0,"['Hsinchu City, Rainbow Bridge']",[]
office_2.jpg,"['Computer', 'Table', 'Personal computer', 'Shirt', 'Laptop', 'Product', 'Post-it note', 'Desk', 'Yellow', 'Interaction']","['Person', 'Person', 'Person', 'Person', 'Person', 'Laptop', 'Laptop', 'Person', 'Clothing', 'Top']",['you x ventures oalh2mojuuk unsplash'],[],VERY_UNLIKELY,4,[],[]
festari.jpg,"['White', 'Light', 'Product', 'Black', 'Fashion', 'Performing arts', 'Concert', 'Crowd', 'Entertainment', 'Music']","['Person', 'Person', 'Person', 'Person', 'Person', 'Person', 'Person', 'Person', 'Person', 'Person']",['stage'],['Youngstown State University'],VERY_UNLIKELY,1,[],"['PDOLYTE\nTUS\nRADIO\nROCK\nశ్రీా\n', 'PDOLYTE', 'TUS', 'RADIO', 'ROCK', 'శ్రీా']"
kick_boxing.jpg,"['Hand', 'Shorts', 'Glove', 'Muscle', 'Sports equipment', 'Boxing glove', 'Strike', 'Boxing equipment', 'Combat sport', 'Boxing']","['Shorts', 'Person', 'Shorts', 'Footwear', 'Footwear', 'Footwear', 'Clothing']",['men fighting'],[],UNLIKELY,2,[],"['rwiNS\nORMUR\nMUR\nGHTER\nVENUM\n', 'rwiNS', 'ORMUR', 'MUR', 'GHTER', 'VENUM']"
